Date,AAPL.Open,AAPL.High,AAPL.Low,AAPL.Close,AAPL.Volume,AAPL.Adjusted,dn,mavg,up,direction
02-17-15,127.489998,128.880005,126.919998,127.830002,63152400,122.905254,106.7410520,117.9276670,129.1142810,Increasing
02-18-15,127.629997,128.779999,127.449997,128.720001,44891700,123.760965,107.842423,118.9403330,130.0382440,Increasing
02-19-15,128.479996,129.029999,128.330002,128.449997,37362400,123.501363,108.8942450,119.8891670,130.8840890,Decreasing
02-20-15,128.619995,129.5,128.050003,129.5,48948400,124.510914,109.7854490,120.7635000,131.7415510,Increasing
02-23-15,130.020004,133,129.660004,133,70974100,127.876074,110.3725160,121.7201670,133.0678170,Increasing
02-24-15,132.940002,133.600006,131.169998,132.169998,69228100,127.078049,111.0948690,122.6648340,134.2347980,Decreasing
02-25-15,131.559998,131.600006,128.149994,128.789993,74711700,123.828261,113.2119180,123.6296670,134.0474150,Decreasing
02-26-15,128.789993,130.869995,126.610001,130.419998,91287500,125.395469,114.1652990,124.2823330,134.3993670,Increasing
02-27-15,130,130.570007,128.240005,128.460007,62014800,123.510987,114.9668480,124.8426670,134.7184850,Decreasing
03-02-15,129.25,130.279999,128.300003,129.089996,48096700,124.116706,115.8770900,125.4036670,134.9302430,Decreasing
03-03-15,128.960007,129.520004,128.089996,129.360001,37816300,124.376308,116.9535130,125.9551670,134.9568200,Increasing
03-04-15,129.100006,129.559998,128.320007,128.539993,31666300,123.587892,118.0874250,126.4730000,134.8585750,Decreasing
03-05-15,128.580002,128.75,125.760002,126.410004,56517100,121.539962,119.1048310,126.848667,134.5925030,Decreasing
03-06-15,128.399994,129.369995,126.260002,126.599998,72842100,121.722637,120.190797,127.2288330,134.26687,Decreasing
03-09-15,127.959999,129.570007,125.059998,127.139999,88528500,122.241834,121.6289770,127.631167,133.6333570,Decreasing
03-10-15,126.410004,127.220001,123.800003,124.510002,68856600,119.71316,123.1164760,127.9235000,132.7305250,Decreasing
03-11-15,124.75,124.769997,122.110001,122.239998,68939000,117.530609,123.592756,128.0033340,132.4139110,Decreasing
03-12-15,122.309998,124.900002,121.629997,124.449997,48362700,119.655466,123.4894560,127.9813340,132.4732110,Increasing
03-13-15,124.400002,125.400002,122.580002,123.589996,51827300,118.828598,123.045606,127.8490000,132.6523950,Decreasing
03-16-15,123.879997,124.949997,122.870003,124.949997,35874300,120.136203,122.6967020,127.7283340,132.7599650,Increasing
03-17-15,125.900002,127.32,125.650002,127.040001,51023100,122.145688,122.616033,127.6680000,132.7199670,Increasing
03-18-15,127,129.160004,126.370003,128.470001,65270900,123.520597,122.6064500,127.652167,132.6978840,Increasing
03-19-15,128.75,129.25,127.400002,127.5,45809500,122.587966,122.5939030,127.6245000,132.6550980,Decreasing
03-20-15,128.25,128.399994,125.160004,125.900002,68695100,121.049608,122.4865930,127.4980000,132.5094080,Decreasing
03-23-15,127.120003,127.849998,126.519997,127.209999,37709700,122.309137,122.6741700,127.2633340,131.8524970,Increasing
03-24-15,127.230003,128.039993,126.559998,126.690002,32842300,121.809174,123.0410180,127.0025000,130.9639820,Decreasing
03-25-15,126.540001,126.82,123.379997,123.379997,51655200,118.626689,122.8276390,126.7531670,130.6786940,Decreasing
03-26-15,122.760002,124.879997,122.599998,124.239998,47572900,119.453558,122.5538520,126.4835000,130.4131480,Increasing
03-27-15,124.57,124.699997,122.910004,123.25,39546200,118.5017,122.2826500,126.2100000,130.1373490,Decreasing
03-30-15,124.050003,126.400002,124,126.370003,47099700,121.501502,122.346906,126.0283330,129.7097600,Increasing
03-31-15,126.089996,126.489998,124.360001,124.43,42090600,119.63624,122.395242,125.8335000,129.2717580,Decreasing
04-01-15,124.82,125.120003,123.099998,124.25,40621400,119.463174,122.3761270,125.6010000,128.8258720,Decreasing
04-02-15,125.029999,125.559998,124.190002,125.32,32220100,120.491951,122.3330340,125.5035000,128.673966,Increasing
04-06-15,124.470001,127.510002,124.330002,127.349998,37194000,122.443743,122.374816,125.4528330,128.5308510,Increasing
04-07-15,127.639999,128.119995,125.980003,126.010002,35012300,121.155371,122.4030620,125.4251670,128.4472710,Decreasing
04-08-15,125.849998,126.400002,124.970001,125.599998,37329200,120.761163,122.4277130,125.4491660,128.4706190,Decreasing
04-09-15,125.849998,126.580002,124.660004,126.559998,32484000,121.684177,122.7775360,125.5938330,128.4101310,Increasing
04-10-15,125.949997,127.209999,125.260002,127.099998,40188000,122.203374,123.0398910,125.7370000,128.4341090,Increasing
04-13-15,128.369995,128.570007,126.610001,126.849998,36365100,121.963006,123.272819,125.9113330,128.5498480,Decreasing
04-14-15,127,127.290001,125.910004,126.300003,25524600,121.434199,123.487134,126.0235000,128.5598660,Decreasing
04-15-15,126.410004,127.129997,126.010002,126.779999,28970400,121.895703,123.4871300,126.0220000,128.5568700,Increasing
04-16-15,126.279999,127.099998,126.110001,126.169998,28369000,121.309203,123.5664040,125.945,128.3235960,Decreasing
04-17-15,125.550003,126.139999,124.459999,124.75,51957000,119.943911,123.6022690,125.7983330,127.9943970,Decreasing
04-20-15,125.57,128.119995,125.169998,127.599998,47054300,122.684112,123.5867450,125.8221660,128.0575880,Increasing
04-21-15,128.100006,128.199997,126.669998,126.910004,32435100,122.020699,123.5817270,125.8255000,128.069273,Decreasing
04-22-15,126.989998,128.869995,126.32,128.619995,37654500,123.664812,123.5019780,125.8675000,128.2330210,Increasing
04-23-15,128.300003,130.419998,128.139999,129.669998,45770900,124.674363,123.3716820,126.1116660,128.8516510,Increasing
04-24-15,130.490005,130.630005,129.229996,130.279999,44525900,125.260863,123.3764700,126.4186670,129.4608630,Decreasing
04-27-15,132.309998,133.130005,131.149994,132.649994,96954200,127.539552,123.128271,126.8531660,130.5780620,Increasing
04-28-15,134.460007,134.539993,129.570007,130.559998,118924000,125.530074,122.9533690,127.1515000,131.3496300,Decreasing
04-29-15,130.160004,131.589996,128.300003,128.639999,63386100,123.684046,123.165847,127.372333,131.578819,Decreasing
04-30-15,128.639999,128.639999,124.580002,125.150002,83195400,120.328503,123.4832180,127.4706660,131.4581150,Decreasing
05-01-15,126.099998,130.130005,125.300003,128.949997,58512600,123.9821,123.7928680,127.6258330,131.4587980,Increasing
05-04-15,129.5,130.570007,128.259995,128.699997,50988300,123.741732,123.9186430,127.764833,131.6110230,Decreasing
05-05-15,128.149994,128.449997,125.779999,125.800003,49271400,120.953462,123.91582,127.7635000,131.6111790,Decreasing
05-06-15,126.559998,126.75,123.360001,125.010002,72141000,120.193897,123.8088190,127.7326660,131.6565130,Decreasing
05-07-15,124.769997,126.080002,124.019997,125.260002,43940900,120.93733,123.6785660,127.6920000,131.705433,Increasing
05-08-15,126.68,127.620003,126.110001,127.620003,55550400,123.215888,123.7345410,127.7216660,131.7087920,Increasing
05-11-15,127.389999,127.559998,125.629997,126.32,42035800,121.960747,123.6599200,127.6796660,131.6994120,Decreasing
05-12-15,125.599998,126.879997,124.82,125.870003,48160000,121.526279,123.5804900,127.6474990,131.7145080,Increasing
05-13-15,126.150002,127.190002,125.870003,126.010002,34694200,121.661447,123.5504420,127.633333,131.7162240,Decreasing
05-14-15,127.410004,128.949997,127.160004,128.949997,45203500,124.499984,123.6706010,127.7280000,131.7853990,Increasing
05-15-15,129.070007,129.490005,128.210007,128.770004,38208000,124.326203,124.0144570,127.9133330,131.8122090,Decreasing
05-18-15,128.380005,130.720001,128.360001,130.190002,50882900,125.697198,124.100497,128.0530000,132.0055030,Increasing
05-19-15,130.690002,130.880005,129.639999,130.070007,44633200,125.581344,124.1588770,128.1998340,132.2407910,Decreasing
05-20-15,130,130.979996,129.339996,130.059998,36454900,125.571679,124.1850090,128.3093340,132.4336590,Increasing
05-21-15,130.070007,131.630005,129.830002,131.389999,39730400,126.855783,124.1273820,128.3863340,132.6452860,Increasing
05-22-15,131.600006,132.970001,131.399994,132.539993,45596000,127.966091,123.9598960,128.499167,133.0384380,Increasing
05-26-15,132.600006,132.910004,129.119995,129.619995,70697600,125.146861,124.1087610,128.411167,132.7135730,Decreasing
05-27-15,130.339996,132.259995,130.050003,132.039993,45833200,127.483346,124.1188010,128.4058340,132.6928660,Increasing
05-28-15,131.860001,131.949997,131.100006,131.779999,30733300,127.232324,124.0226210,128.5108340,132.999046,Decreasing
05-29-15,131.229996,131.449997,129.899994,130.279999,50884500,125.784088,124.300709,128.7318330,133.1629580,Decreasing
06-01-15,130.279999,131.389999,130.050003,130.539993,32112800,126.03511,124.3594990,128.8585000,133.3575000,Increasing
06-02-15,129.860001,130.660004,129.320007,129.960007,33667600,125.475139,124.3747460,128.8986670,133.4225880,Increasing
06-03-15,130.660004,130.940002,129.899994,130.119995,30889400,125.629606,124.6367700,129.0808340,133.524897,Decreasing
06-04-15,129.580002,130.580002,128.910004,129.360001,38450100,124.895839,125.2683800,129.3096670,133.3509540,Decreasing
06-05-15,129.5,129.690002,128.360001,128.649994,35626800,124.210334,125.9332750,129.4986670,133.064059,Decreasing
06-08-15,128.899994,129.210007,126.830002,127.800003,52674800,123.389676,126.0685550,129.5401670,133.0117790,Decreasing
06-09-15,126.699997,128.080002,125.620003,127.419998,56075400,123.022785,126.1824910,129.5670000,132.9515090,Increasing
06-10-15,127.919998,129.339996,127.849998,128.880005,39087300,124.432408,126.7463820,129.708667,132.6709520,Increasing
06-11-15,129.179993,130.179993,128.479996,128.589996,35390900,124.152407,127.2892580,129.845,132.4007420,Decreasing
06-12-15,128.190002,128.330002,127.110001,127.169998,36886200,122.781413,127.131001,129.8041670,132.4773320,Decreasing
06-15-15,126.099998,127.239998,125.709999,126.919998,43988900,122.54004,126.7060980,129.6941660,132.6822350,Increasing
06-16-15,127.029999,127.849998,126.370003,127.599998,31494100,123.196574,126.4016900,129.5700000,132.7383100,Increasing
06-17-15,127.720001,127.879997,126.739998,127.300003,32918100,122.906931,126.1238850,129.4254990,132.727114,Decreasing
06-18-15,127.230003,128.309998,127.220001,127.879997,35407200,123.46691,125.9515600,129.3093330,132.6671060,Increasing
06-19-15,127.709999,127.82,126.400002,126.599998,54716900,122.231083,125.6885660,129.1088330,132.5291000,Decreasing
06-22-15,127.489998,128.059998,127.080002,127.610001,34039300,123.206231,125.7264210,128.8728330,132.0192450,Increasing
06-23-15,127.480003,127.610001,126.879997,127.029999,30268900,122.646244,125.5733480,128.7040000,131.8346510,Decreasing
06-24-15,127.209999,129.800003,127.120003,128.110001,55280900,123.688976,125.6811980,128.5486670,131.4161350,Increasing
06-25-15,128.860001,129.199997,127.5,127.5,31938100,123.100026,125.8677150,128.3715000,130.8752840,Decreasing
06-26-15,127.669998,127.989998,126.510002,126.75,44066800,122.375908,125.8452620,128.1985,130.5517380,Decreasing
06-29-15,125.459999,126.470001,124.480003,124.529999,49161400,120.232518,125.5007070,127.9235000,130.3462940,Decreasing
06-30-15,125.57,126.120003,124.860001,125.43,44370700,121.101461,125.2434910,127.6980000,130.1525090,Decreasing
07-01-15,126.900002,126.940002,125.989998,126.599998,30238800,122.231083,125.319636,127.5075,129.6953640,Decreasing
07-02-15,126.43,126.690002,125.769997,126.440002,27211000,122.076609,125.3221030,127.3416670,129.3612300,Increasing
07-06-15,124.940002,126.230003,124.849998,126,28060400,121.65179,125.172968,127.1813330,129.1896990,Increasing
07-07-15,125.889999,126.150002,123.769997,125.690002,46946800,121.352491,124.8939060,127.0441660,129.194427,Decreasing
07-08-15,124.480003,124.639999,122.540001,122.57,60761600,118.340158,124.1418970,126.8546660,129.5674350,Decreasing
07-09-15,123.849998,124.059998,119.220001,120.07,77821600,115.926432,122.9127430,126.4760000,130.0392570,Decreasing
07-10-15,121.940002,123.849998,121.209999,123.279999,61354500,119.025655,122.4632750,126.1608330,129.8583910,Increasing
07-13-15,125.029999,125.760002,124.32,125.660004,41440500,121.323527,122.3846330,126.0463330,129.7080330,Increasing
07-14-15,126.040001,126.370003,125.040001,125.610001,31768100,121.27525,122.343664,125.9988340,129.6540030,Decreasing
07-15-15,125.720001,127.150002,125.580002,126.82,33649200,122.443492,122.3439160,125.9610000,129.5780850,Increasing
07-16-15,127.739998,128.570007,127.349998,128.509995,36222400,124.075166,122.3059900,126.0028340,129.699677,Increasing
07-17-15,129.080002,129.619995,128.309998,129.619995,46164700,125.146861,122.1959650,126.0718330,129.9477020,Increasing
07-20-15,130.970001,132.970001,130.699997,132.070007,58900200,127.512324,121.6892040,126.3205000,130.9517960,Increasing
07-21-15,132.850006,132.919998,130.320007,130.75,76756400,126.23787,121.4079710,126.5078340,131.6076960,Decreasing
07-22-15,121.989998,125.5,121.989998,125.220001,115450600,120.898709,121.1778140,126.3610000,131.5441870,Increasing
07-23-15,126.199997,127.089996,125.059998,125.160004,50999500,120.840782,121.1251690,126.2323330,131.3394980,Decreasing
07-24-15,125.32,125.739998,123.900002,124.5,42162300,120.203555,120.989315,126.0646670,131.1400190,Decreasing
07-27-15,123.089996,123.610001,122.120003,122.769997,44455500,118.533253,120.6120010,125.8521670,131.0923330,Decreasing
07-28-15,123.379997,123.910004,122.550003,123.379997,33618100,119.122203,120.4054680,125.7581670,131.1108650,Increasing
07-29-15,123.150002,123.5,122.269997,122.989998,37011700,118.745662,120.1369620,125.6306670,131.1243710,Decreasing
07-30-15,122.32,122.57,121.709999,122.370003,33628300,118.147063,119.7438840,125.4160000,131.0881160,Increasing
07-31-15,122.599998,122.639999,120.910004,121.300003,42885000,117.113989,119.2925000,125.1818340,131.0711670,Decreasing
08-03-15,121.5,122.57,117.519997,118.440002,69976000,114.352685,118.4943030,124.8726670,131.2510310,Decreasing
08-04-15,117.419998,117.699997,113.25,114.639999,124138600,110.683819,116.7313040,124.3723330,132.0133630,Decreasing
08-05-15,112.949997,117.440002,112.099998,115.400002,99312600,111.417594,115.2932320,123.9588330,132.6244350,Increasing
08-06-15,115.970001,116.5,114.120003,115.129997,52903000,111.66005,114.2686040,123.6655000,133.0623960,Decreasing
08-07-15,114.580002,116.25,114.5,115.519997,38670400,112.038295,113.2383280,123.2976670,133.3570050,Increasing
08-10-15,116.529999,119.989998,116.529999,119.720001,54951600,116.111714,112.7672570,122.9726670,133.1780770,Increasing
08-11-15,117.809998,118.18,113.330002,113.489998,97082800,110.069479,111.7495120,122.439,133.1284880,Decreasing
08-12-15,112.529999,115.419998,109.629997,115.239998,101217500,111.766735,110.5837960,121.7846670,132.9855360,Increasing
08-13-15,116.040001,116.400002,114.540001,115.150002,48535800,111.679451,110.0107500,121.1456670,132.2805840,Decreasing
08-14-15,114.32,116.309998,114.010002,115.959999,42929500,112.465036,109.7007660,120.4578330,131.2149010,Increasing
08-17-15,116.040001,117.650002,115.5,117.160004,40884700,113.628873,110.2193370,119.7006670,129.1819970,Increasing
08-18-15,116.43,117.440002,116.010002,116.5,34560700,112.988761,111.057582,118.9666670,126.8757510,Increasing
08-19-15,116.099998,116.519997,114.68,115.010002,47445700,111.543671,110.8596080,118.5250000,126.190392,Decreasing
08-20-15,114.080002,114.349998,111.629997,112.650002,68501600,109.2548,110.6016940,117.8803330,125.1589720,Decreasing
08-21-15,110.43,111.900002,105.650002,105.760002,128275500,102.572461,109.2092550,117.0331670,124.8570790,Decreasing
08-24-15,94.870003,108.800003,92,103.120003,162206300,100.012029,105.9911030,115.9568340,125.9225640,Increasing
08-25-15,111.110001,111.110001,103.5,103.739998,103601600,100.613338,104.8512270,115.0986670,125.3461060,Decreasing
08-26-15,107.089996,109.889999,105.050003,109.690002,96774600,106.384013,104.3580550,114.363167,124.3682790,Increasing
08-27-15,112.230003,113.239998,110.019997,112.919998,84616100,109.516659,104.4853750,113.8553340,123.2252920,Increasing
08-28-15,112.169998,113.309998,111.540001,113.290001,53164400,109.87551,104.7374170,113.4101670,122.0829160,Increasing
08-31-15,112.029999,114.529999,112,112.760002,56229300,109.361485,104.8807640,113.0895000,121.298236,Increasing
09-01-15,110.150002,111.879997,107.360001,107.720001,76845900,104.473386,104.4437540,112.7790000,121.114246,Decreasing
09-02-15,110.230003,112.339996,109.129997,112.339996,61888800,108.954138,104.2974030,112.5935000,120.8895970,Increasing
09-03-15,112.489998,112.779999,110.040001,110.370003,53233900,107.043519,104.1557510,112.3841670,120.6125820,Decreasing
09-04-15,108.970001,110.449997,108.510002,109.269997,49996300,105.976666,103.8818510,112.0835,120.2851490,Increasing
09-08-15,111.75,112.559998,110.32,112.309998,54843600,108.925043,104.1221380,111.7326670,119.3431950,Increasing
09-09-15,113.760002,114.019997,109.769997,110.150002,85010800,106.830148,104.0861410,111.5483330,119.0105250,Decreasing
09-10-15,110.269997,113.279999,109.900002,112.57,62892800,109.177209,104.0577890,111.4726670,118.8875440,Increasing
09-11-15,111.790001,114.209999,111.760002,114.209999,49915500,110.76778,104.1180020,111.3741670,118.6303320,Increasing
09-14-15,116.580002,116.889999,114.860001,115.309998,58363400,111.834625,104.1011360,111.3871670,118.6731970,Decreasing
09-15-15,115.93,116.529999,114.419998,116.279999,43341200,112.775391,104.1890890,111.3358330,118.4825770,Increasing
09-16-15,116.25,116.540001,115.440002,116.410004,37173500,112.901478,104.2372110,111.3098330,118.3824550,Increasing
09-17-15,115.660004,116.489998,113.720001,113.919998,64112600,110.486519,104.2767350,111.2751660,118.2735980,Decreasing
09-18-15,112.209999,114.300003,111.870003,113.449997,74285300,110.030684,104.2766730,111.2916670,118.3066600,Increasing
09-21-15,113.669998,115.370003,113.660004,115.209999,50222000,111.73764,104.666951,111.6405000,118.6140490,Increasing
09-22-15,113.379997,114.18,112.519997,113.400002,50346200,109.982195,107.1040190,112.2435000,117.3829810,Increasing
09-23-15,113.629997,114.720001,113.300003,114.32,35756700,110.874465,108.2882860,112.6433330,116.9983800,Increasing
09-24-15,113.25,115.5,112.370003,115,50219500,111.533971,109.0475650,112.9473330,116.847101,Increasing
09-25-15,116.440002,116.690002,114.019997,114.709999,56151900,111.25271,109.1116700,113.1013330,117.090996,Decreasing
09-28-15,113.849998,114.57,112.440002,112.440002,52109000,109.05113,109.1374590,113.1231670,117.1088740,Decreasing
09-29-15,112.830002,113.510002,107.860001,109.059998,73365400,105.772996,108.7833180,112.9755000,117.1676820,Decreasing
09-30-15,110.169998,111.540001,108.730003,110.300003,66473000,106.975629,109.0444830,113.0356670,117.0268500,Increasing
10-01-15,109.07,109.620003,107.309998,109.580002,63929100,106.277328,108.5812030,112.9140000,117.246798,Increasing
10-02-15,108.010002,111.010002,107.550003,110.379997,58019800,107.053212,108.3483740,112.843167,117.3379600,Increasing
10-05-15,109.879997,111.370003,109.07,110.779999,52064700,107.441158,108.5314400,112.8930000,117.2545610,Increasing
10-06-15,110.629997,111.739998,109.769997,111.309998,48196800,107.955183,108.4365670,112.8535000,117.2704330,Increasing
10-07-15,111.739998,111.769997,109.410004,110.779999,46765600,107.441158,108.3485140,112.8205000,117.2924870,Decreasing
10-08-15,110.190002,110.190002,108.209999,109.5,61979600,106.199737,107.9731430,112.6896670,117.406191,Decreasing
10-09-15,110,112.279999,109.489998,112.120003,52766100,108.740775,107.8423980,112.5848340,117.3272700,Increasing
10-12-15,112.730003,112.75,111.440002,111.599998,30467200,108.236443,107.8680870,112.3970000,116.9259140,Decreasing
10-13-15,110.82,112.449997,110.68,111.790001,33049300,108.420719,107.9236130,112.1918340,116.4600550,Increasing
10-14-15,111.290001,111.519997,109.559998,110.209999,44462400,106.888337,107.9810480,111.9068340,115.8326190,Decreasing
10-15-15,110.93,112.099998,110.489998,111.860001,37673500,108.488609,108.0344360,111.7455000,115.4565650,Increasing
10-16-15,111.779999,112,110.529999,111.040001,39232600,107.693323,107.9887070,111.6446670,115.3006270,Decreasing
10-19-15,110.800003,111.75,110.110001,111.730003,29759200,108.36253,108.0973480,111.4671670,114.8369850,Increasing
10-20-15,111.339996,114.169998,110.82,113.769997,48778800,110.341039,108.1200470,111.4448330,114.76962,Increasing
10-21-15,114,115.580002,113.699997,113.760002,41795200,110.331345,108.0929290,111.4565000,114.8200710,Decreasing
10-22-15,114.330002,115.5,114.099998,115.5,41654100,112.018901,107.9920840,111.4936670,114.9952500,Increasing
10-23-15,116.699997,119.230003,116.330002,119.080002,59366900,115.491004,107.341724,111.6473340,115.9529430,Increasing
10-26-15,118.080002,118.129997,114.919998,115.279999,66333800,111.80553,107.1068230,111.7953330,116.4838440,Decreasing
10-27-15,115.400002,116.540001,113.989998,114.550003,69884400,111.097536,107.2139280,112.0395,116.8650720,Decreasing
10-28-15,116.93,119.300003,116.059998,119.269997,85551400,115.675272,107.0023180,112.4405000,117.8786820,Increasing
10-29-15,118.699997,120.690002,118.269997,120.529999,51227300,116.897299,106.9330460,112.9901660,119.047287,Increasing
10-30-15,120.989998,121.220001,119.449997,119.5,49365300,115.898343,106.9261150,113.5106660,120.0952180,Decreasing
11-02-15,120.800003,121.360001,119.610001,121.18,32203300,117.527709,106.9021450,114.0261660,121.1501880,Increasing
11-03-15,120.790001,123.489998,120.699997,122.57,45519000,118.875815,106.77492,114.591833,122.4087460,Increasing
11-04-15,123.129997,123.82,121.620003,122,44886100,118.322995,106.8736710,115.1831660,123.4926620,Decreasing
11-05-15,121.849998,122.690002,120.18,120.919998,39552700,117.777553,107.5297970,115.7813330,124.0328700,Decreasing
11-06-15,121.110001,121.809998,120.620003,121.059998,33042300,117.913914,107.9749630,116.2746660,124.5743700,Decreasing
11-09-15,120.959999,121.809998,120.050003,120.57,33871400,117.43665,108.4461120,116.7186660,124.9912210,Decreasing
11-10-15,116.900002,118.07,116.059998,116.769997,59127900,113.735401,109.0474210,116.9850000,124.9225790,Decreasing
11-11-15,116.370003,117.419998,115.209999,116.110001,45218000,113.092557,109.9149740,117.2758330,124.6366920,Decreasing
11-12-15,116.260002,116.82,115.650002,115.720001,32525600,112.712693,110.608755,117.5048330,124.4009110,Decreasing
11-13-15,115.199997,115.57,112.269997,112.339996,45812400,109.420527,111.0642120,117.6150000,124.1657870,Decreasing
11-16-15,111.379997,114.239998,111,114.18,38106700,111.212713,111.4959630,117.7121660,123.9283690,Increasing
11-17-15,114.919998,115.050003,113.32,113.690002,27616900,110.735449,111.7039560,117.7671670,123.8303770,Decreasing
11-18-15,115.760002,117.489998,115.5,117.290001,46674700,114.241891,112.0084460,117.8878330,123.7672200,Increasing
11-19-15,117.639999,119.75,116.760002,118.779999,43295800,115.693167,112.3234730,118.0576660,123.7918600,Increasing
11-20-15,119.199997,119.919998,118.849998,119.300003,34287100,116.199658,112.3528430,118.114833,123.8768240,Increasing
11-23-15,119.269997,119.730003,117.339996,117.75,32482500,114.689936,112.5348640,118.2230000,123.9111350,Decreasing
11-24-15,117.330002,119.349998,117.120003,118.879997,42803200,115.790567,112.8982870,118.3941660,123.8900460,Increasing
11-25-15,119.209999,119.230003,117.919998,118.029999,21388300,114.962658,112.9081010,118.4033330,123.8985650,Decreasing
11-27-15,118.290001,118.410004,117.599998,117.809998,13046400,114.748374,112.8501050,118.3088330,123.767561,Decreasing
11-30-15,117.989998,119.410004,117.75,118.300003,39180300,115.225646,112.8295550,118.2303330,123.6311110,Increasing
12-01-15,118.75,118.809998,116.860001,117.339996,34852400,114.290588,112.795765,118.0780000,123.3602350,Decreasing
12-02-15,117.339996,118.110001,116.080002,116.279999,33386600,113.258137,112.863291,117.8065000,122.7497090,Decreasing
12-03-15,116.550003,116.790001,114.220001,115.199997,41569500,112.206202,112.9006080,117.4526670,122.0047260,Decreasing
12-04-15,115.290001,119.25,115.110001,119.029999,57777000,115.936671,113.0697610,117.2793330,121.488905,Increasing
12-07-15,118.980003,119.860001,117.809998,118.279999,32084200,115.206161,113.2786210,117.1536660,121.0287120,Decreasing
12-08-15,117.519997,118.599998,116.860001,118.230003,34309500,115.157465,113.4912170,117.0080000,120.5247830,Increasing
12-09-15,117.639999,117.690002,115.080002,115.620003,46361400,112.615293,113.4285690,116.9661670,120.5037640,Decreasing
12-10-15,116.040001,116.940002,115.510002,116.169998,29104200,113.150995,113.4249,116.9641670,120.5034340,Increasing
12-11-15,115.190002,115.389999,112.849998,113.18,46886200,110.238701,113.0688540,116.8513330,120.6338120,Decreasing
12-14-15,112.18,112.68,109.790001,112.480003,64318700,109.556895,112.6053240,116.7641670,120.9230090,Increasing
12-15-15,111.940002,112.800003,110.349998,110.489998,53323100,107.618605,112.1077590,116.6678340,121.2279080,Decreasing
12-16-15,111.07,111.989998,108.800003,111.339996,56238500,108.446514,111.3660240,116.5023330,121.6386430,Increasing
12-17-15,112.019997,112.25,108.980003,108.980003,44772800,106.147852,110.3201150,116.1678340,122.0155520,Decreasing
12-18-15,108.910004,109.519997,105.809998,106.029999,96453300,103.274512,108.6549710,115.6023330,122.5496950,Decreasing
12-21-15,107.279999,107.370003,105.57,107.330002,47590600,104.540731,107.258165,114.9723340,122.686502,Increasing
12-22-15,107.400002,107.720001,106.449997,107.230003,32789400,104.443331,106.1462310,114.4153340,122.6844370,Decreasing
12-23-15,107.269997,108.849998,107.199997,108.610001,32657400,105.787465,105.4331630,113.9038340,122.3745040,Increasing
12-24-15,109,109,107.949997,108.029999,13570400,105.222536,104.8606680,113.4005000,121.9403320,Decreasing
12-28-15,107.589996,107.690002,106.18,106.82,26704200,104.043982,104.1277980,112.8483330,121.5688680,Decreasing
12-29-15,106.959999,109.43,106.860001,108.739998,30931200,105.914084,103.8135820,112.3411670,120.8687510,Increasing
12-30-15,108.580002,108.699997,107.18,107.32,25213800,104.530989,103.4598560,111.8443330,120.2288110,Decreasing
12-31-15,107.010002,107.029999,104.82,105.260002,40635300,102.524526,102.8238660,111.2883330,119.7528010,Decreasing
01-04-16,102.610001,105.370003,102,105.349998,67649400,102.612183,101.9580430,110.7301670,119.5022910,Increasing
01-05-16,105.75,105.849998,102.410004,102.709999,55791000,100.040792,101.3646130,110.0231670,118.6817210,Decreasing
01-06-16,100.559998,102.370003,99.870003,100.699997,68457400,98.083025,100.5769810,109.1396670,117.7023530,Increasing
01-07-16,98.68,100.129997,96.43,96.449997,81094400,93.943473,99.17277300,108.1283330,117.0838940,Decreasing
01-08-16,98.550003,99.110001,96.760002,96.959999,70798000,94.440222,97.9236550,107.2023330,116.481012,Decreasing
01-11-16,98.970001,99.059998,97.339996,98.529999,49739400,95.96942,97.22509400,106.3075000,115.3899050,Decreasing
01-12-16,100.550003,100.690002,98.839996,99.959999,49154200,97.362258,96.79500000,105.6086660,114.4223330,Decreasing
01-13-16,100.32,101.190002,97.300003,97.389999,62439600,94.859047,96.1011590,104.9575000,113.8138400,Decreasing
01-14-16,97.959999,100.480003,95.739998,99.519997,63170100,96.93369,95.54254400,104.3258330,113.1091220,Increasing
01-15-16,96.199997,97.709999,95.360001,97.129997,79010000,94.605802,94.76300500,103.6270000,112.4909940,Increasing
01-19-16,98.410004,98.650002,95.5,96.660004,53087700,94.148022,94.16719700,102.9703330,111.773469,Decreasing
01-20-16,95.099998,98.190002,93.419998,96.790001,72334400,94.274641,93.35495900,102.4210000,111.487041,Increasing
01-21-16,97.059998,97.879997,94.940002,96.300003,52161500,93.797377,92.70019100,101.9018330,111.1034750,Decreasing
01-22-16,98.629997,101.459999,98.370003,101.419998,65800500,98.784315,92.66732000,101.5660000,110.4646800,Increasing
01-25-16,101.519997,101.529999,99.209999,99.440002,51794500,96.855775,92.78428400,101.1580000,109.5317160,Decreasing
01-26-16,99.93,100.879997,98.07,99.989998,75077000,97.391477,93.0074870,100.7240000,108.4405120,Increasing
01-27-16,96.040001,96.629997,93.339996,93.419998,133369700,90.992218,92.47229300,100.102333,107.7323730,Decreasing
01-28-16,93.790001,94.519997,92.389999,94.089996,55678800,91.644804,92.24359800,99.36850000,106.4934010,Increasing
01-29-16,94.790001,97.339996,94.349998,97.339996,64416500,94.810344,92.69136900,98.79899900,104.9066290,Increasing
02-01-16,96.470001,96.709999,95.400002,96.43,40943500,93.923996,93.00925900,98.3228330,103.636407,Decreasing
02-02-16,95.419998,96.040001,94.279999,94.480003,37357200,92.024676,93.09692200,97.8575000,102.6180770,Decreasing
02-03-16,95,96.839996,94.080002,96.349998,45964300,93.846074,93.43812000,97.46249900,101.4868790,Increasing
02-04-16,95.860001,97.330002,95.190002,96.599998,46471700,94.600127,93.52459200,97.23216600,100.9397400,Increasing
02-05-16,96.519997,96.919998,93.690002,94.019997,46418100,92.073538,93.25330500,97.09249900,100.9316940,Decreasing
02-08-16,93.129997,95.699997,93.040001,95.010002,54021400,93.043048,92.95952900,96.94116600,100.9228030,Increasing
02-09-16,94.290001,95.940002,93.93,94.989998,44331200,93.023458,92.75384100,96.77333300,100.7928250,Increasing
02-10-16,95.919998,96.349998,94.099998,94.269997,42343600,92.318363,92.68761300,96.52716600,100.3667200,Decreasing
02-11-16,93.790001,94.720001,92.589996,93.699997,50074700,91.760163,92.37451700,96.27933300,100.1841480,Decreasing
02-12-16,94.190002,94.5,93.010002,93.989998,40351400,92.04416,92.14838300,96.04199900,99.93561600,Decreasing
02-16-16,95.019997,96.849998,94.610001,96.639999,49057900,94.6393,92.12630700,96.00699900,99.88769200,Increasing
02-17-16,96.669998,98.209999,96.150002,98.120003,44863200,96.088664,92.12003300,96.03483300,99.94963200,Increasing
02-18-16,98.839996,98.889999,96.089996,96.260002,39021000,94.26717,92.14094400,96.08216600,100.0233880,Decreasing
02-19-16,96,96.760002,95.800003,96.040001,35374200,94.051723,92.13411500,96.07349900,100.0128840,Increasing
02-22-16,96.309998,96.900002,95.919998,96.879997,34280800,94.874329,92.46829600,95.88099900,99.29370300,Increasing
02-23-16,96.400002,96.5,94.550003,94.690002,31942600,92.729673,92.81145800,95.64033300,98.46920700,Decreasing
02-24-16,93.980003,96.379997,93.32,96.099998,36255700,94.110479,93.26994400,95.42133300,97.57272100,Increasing
02-25-16,96.050003,96.760002,95.25,96.760002,27582700,94.756818,93.37738400,95.51100000,97.64461500,Increasing
02-26-16,97.199997,98.019997,96.580002,96.910004,28991100,94.903715,93.61258900,95.68616600,97.75974400,Decreasing
02-29-16,96.860001,98.230003,96.650002,96.690002,35216300,94.688268,93.57014700,95.72850000,97.88685300,Decreasing
03-01-16,97.650002,100.769997,97.419998,100.529999,50407100,98.448766,93.16702800,95.89816700,98.6293050,Increasing
03-02-16,100.510002,100.889999,99.639999,100.75,33169600,98.664213,92.84527700,96.17283300,99.50038900,Increasing
03-03-16,100.580002,101.709999,100.449997,101.5,36955700,99.398686,92.46676800,96.44600000,100.4252320,Increasing
03-04-16,102.370003,103.75,101.370003,103.010002,46055100,100.877427,91.93797700,96.76283300,101.5876900,Increasing
03-07-16,102.389999,102.830002,100.959999,101.870003,35828900,99.761029,91.88580500,97.11333300,102.3408610,Decreasing
03-08-16,100.779999,101.760002,100.400002,101.029999,31561900,98.938415,92.07566700,97.43733300,102.7990000,Increasing
03-09-16,101.309998,101.580002,100.269997,101.120003,27201700,99.026556,92.29184700,97.73916700,103.1864860,Decreasing
03-10-16,101.410004,102.239998,100.150002,101.169998,33513600,99.075516,92.57125600,98.05316700,103.5350770,Decreasing
03-11-16,102.239998,102.279999,101.5,102.260002,27408200,100.142954,93.11782200,98.47033400,103.8228450,Increasing
03-14-16,101.910004,102.910004,101.779999,102.519997,25076100,100.397566,93.73082900,98.89883400,104.0668390,Increasing
03-15-16,103.959999,105.18,103.849998,104.580002,40067700,102.414924,93.78324000,99.32400000,104.8647600,Increasing
03-16-16,104.610001,106.309998,104.589996,105.970001,38303500,103.776147,93.62271000,99.73050000,105.8382900,Increasing
03-17-16,105.519997,106.470001,104.959999,105.800003,34420700,103.609668,93.65364600,100.1636670,106.6736880,Increasing
03-18-16,106.339996,106.5,105.190002,105.919998,44205200,103.727179,93.95272100,100.6471670,107.3416120,Decreasing
03-21-16,105.93,107.650002,105.139999,105.910004,35502700,103.717391,94.29002400,101.1305000,107.9709770,Decreasing
03-22-16,105.25,107.290001,105.209999,106.720001,32444400,104.51062,95.04091800,101.6885000,108.3360830,Increasing
03-23-16,106.480003,107.07,105.900002,106.129997,25703500,103.93283,95.99151600,102.2435000,108.4954840,Decreasing
03-24-16,105.470001,106.25,104.889999,105.669998,26133000,103.482354,96.93996100,102.7108340,108.4817060,Increasing
03-28-16,106,106.190002,105.059998,105.190002,19411400,103.012296,97.83427400,103.1263340,108.4183930,Decreasing
03-29-16,104.889999,107.790001,104.879997,107.68,31190100,105.450744,98.84025800,103.606,108.3717420,Increasing
03-30-16,108.650002,110.419998,108.599998,109.559998,45601100,107.291821,99.05589700,104.1036670,109.1514370,Increasing
03-31-16,109.720001,109.900002,108.879997,108.989998,25888400,106.733621,99.31956600,104.5451670,109.7707680,Decreasing
04-01-16,108.779999,110,108.199997,109.989998,25874000,107.712919,99.55637200,104.954,110.3516280,Increasing
04-04-16,110.419998,112.190002,110.269997,111.120003,37356200,108.81953,99.44575800,105.3781670,111.3105750,Increasing
04-05-16,109.510002,110.730003,109.419998,109.809998,26578700,107.536645,99.75432700,105.7831660,111.8120060,Increasing
04-06-16,110.230003,110.980003,109.199997,110.959999,26404100,108.662839,100.3118520,106.2490000,112.1861470,Increasing
04-07-16,109.949997,110.419998,108.120003,108.540001,31801900,106.292941,101.1177050,106.6508330,112.1839620,Decreasing
04-08-16,108.910004,109.769997,108.169998,108.660004,23581700,106.410459,102.0312100,107.0348330,112.0384560,Decreasing
04-11-16,108.970001,110.610001,108.830002,109.019997,29407500,106.762999,102.8657090,107.4085000,111.9512900,Increasing
04-12-16,109.339996,110.5,108.660004,110.440002,27232300,108.153607,103.7470520,107.7816670,111.8162810,Increasing
04-13-16,110.800003,112.339996,110.800003,112.040001,33257300,109.720482,104.046322,108.1411670,112.2360110,Increasing
04-14-16,111.620003,112.389999,111.330002,112.099998,25473900,109.779237,104.2158830,108.457,112.6981170,Increasing
04-15-16,112.110001,112.300003,109.730003,109.849998,46939000,107.575818,104.5517930,108.7011670,112.8505400,Decreasing
04-18-16,108.889999,108.949997,106.940002,107.480003,60834000,105.254888,104.8293740,108.7971670,112.7649600,Decreasing
04-19-16,107.879997,108,106.230003,106.910004,32384900,104.696689,104.9603380,108.8378330,112.7153290,Decreasing
04-20-16,106.639999,108.089996,106.059998,107.129997,30611000,104.912128,105.0699570,108.8721670,112.6743760,Increasing
04-21-16,106.93,106.93,105.519997,105.970001,31552500,103.776147,105.0275930,108.8608330,112.6940730,Decreasing
04-22-16,105.010002,106.480003,104.620003,105.68,33683100,103.492149,105.0253920,108.8603330,112.6952740,Increasing
04-25-16,105,105.650002,104.510002,105.080002,28031600,102.904573,104.9316220,108.8403330,112.7490440,Increasing
04-26-16,103.910004,105.300003,103.910004,104.349998,56016200,102.189682,104.4711590,108.7271670,112.9831740,Increasing
04-27-16,96,98.709999,95.68,97.82,114602100,95.794871,101.6277850,108.1210000,114.614216,Increasing
04-28-16,97.610001,97.879997,94.25,94.830002,82242700,92.866774,99.00626500,107.4408340,115.8754020,Decreasing
04-29-16,93.989998,94.720001,92.510002,93.739998,68531500,91.799336,96.36305800,106.6538340,116.9446090,Decreasing
05-02-16,93.970001,94.080002,92.400002,93.639999,48160100,91.701408,94.19229100,105.7628340,117.3333760,Decreasing
05-03-16,94.199997,95.739998,93.68,95.18,56831300,93.209527,92.68740000,105.0068340,117.3262680,Increasing
05-04-16,95.199997,95.900002,93.82,94.190002,41025500,92.240024,91.37350800,104.2196670,117.0658270,Decreasing
05-05-16,94,94.07,92.68,93.239998,35890500,91.865625,89.95687100,103.4348340,116.9127970,Decreasing
05-06-16,93.370003,93.449997,91.849998,92.720001,43458200,91.353293,88.61466100,102.625167,116.6356730,Decreasing
05-09-16,93,93.769997,92.589996,92.790001,32936400,91.422261,87.5726150,101.8033340,116.0340530,Decreasing
05-10-16,93.330002,93.57,92.110001,93.419998,33686800,92.042972,86.74692600,100.9616670,115.1764080,Increasing
05-11-16,93.480003,93.57,92.459999,92.510002,28719100,91.146389,86.28857700,100.0176670,113.7467570,Decreasing
05-12-16,92.720001,92.779999,89.470001,90.339996,76314700,89.00837,85.83456800,98.96383300,112.0930990,Decreasing
05-13-16,90,91.669998,90,90.519997,44392800,89.185717,85.52819200,97.96900000,110.4098080,Increasing
05-16-16,92.389999,94.389999,91.650002,93.879997,61259800,92.49619,85.50885800,97.24483300,108.980808,Increasing
05-17-16,94.550003,94.699997,93.010002,93.489998,46916900,92.111939,85.66076100,96.5791660,107.4975720,Decreasing
05-18-16,94.160004,95.209999,93.889999,94.559998,42062400,93.166167,86.13634500,95.95216600,105.7679880,Increasing
05-19-16,94.639999,94.639999,93.57,94.199997,30442100,92.811473,86.70270100,95.35200000,104.0012980,Decreasing
05-20-16,94.639999,95.43,94.519997,95.220001,32026000,93.816442,87.56289400,94.82516600,102.0874390,Increasing
05-23-16,95.870003,97.190002,95.669998,96.43,38018600,95.008606,88.7823950,94.39266600,100.0029380,Increasing
05-24-16,97.220001,98.089996,96.839996,97.900002,35140200,96.456939,90.50381700,94.04716600,97.59051500,Increasing
05-25-16,98.669998,99.739998,98.110001,99.620003,38168800,98.151587,90.19869100,94.13483300,98.07097400,Increasing
05-26-16,99.68,100.730003,98.639999,100.410004,56331200,98.929943,89.7053860,94.34850000,98.99161300,Increasing
05-27-16,99.440002,100.470001,99.25,100.349998,36229500,98.870823,89.42296200,94.66683300,99.91070300,Increasing
05-31-16,99.599998,100.400002,98.82,99.860001,42307200,98.388047,89.34215300,94.98283300,100.6235130,Increasing
06-01-16,99.019997,99.540001,98.330002,98.459999,29173300,97.008682,89.3012310,95.1783330,101.0554350,Decreasing
06-02-16,97.599998,97.839996,96.629997,97.720001,40191600,96.279592,89.36741100,95.31633300,101.2652540,Increasing
06-03-16,97.790001,98.269997,97.449997,97.919998,28062900,96.476641,89.56821400,95.54383300,101.5194510,Increasing
06-06-16,97.989998,101.889999,97.550003,98.629997,23292500,97.176174,89.83474400,95.87799900,101.9212540,Increasing
06-07-16,99.25,99.870003,98.959999,99.029999,22409500,97.57028,90.11889800,96.1898330,102.260768,Decreasing
06-08-16,99.019997,99.559998,98.68,98.940002,20848100,97.48161,90.47885200,96.49116600,102.5034800,Decreasing
06-09-16,98.5,99.989998,98.459999,99.650002,26601400,98.181144,90.92479500,96.81716600,102.7095380,Increasing
06-10-16,98.529999,99.349998,98.480003,98.830002,31712900,97.373231,91.94166300,97.2183330,102.4950020,Increasing
06-13-16,98.690002,99.120003,97.099998,97.339996,38020500,95.905188,93.21597100,97.5745000,101.9330280,Decreasing
06-14-16,97.32,98.480003,96.75,97.459999,31931900,96.023422,93.89211500,97.787333,101.682551,Increasing
06-15-16,97.82,98.410004,97.029999,97.139999,29445200,95.708139,94.54838000,97.97700000,101.4056200,Decreasing
06-16-16,96.449997,97.75,96.07,97.550003,31326800,96.1121,95.02478000,98.10550000,101.1862200,Increasing
06-17-16,96.620003,96.650002,95.300003,95.330002,61008200,93.924821,95.46372300,98.18666700,100.9096110,Decreasing
06-20-16,96,96.57,95.029999,95.099998,34411900,93.698208,95.59963500,98.2121670,100.8246990,Decreasing
06-21-16,94.940002,96.349998,94.68,95.910004,35546400,94.496274,95.43432900,98.17300000,100.9116710,Increasing
06-22-16,96.25,96.889999,95.349998,95.550003,29219100,94.14158,95.18815300,98.08900000,100.989847,Decreasing
06-23-16,95.940002,96.290001,95.25,96.099998,32240200,94.683468,94.91593100,97.92516700,100.9344030,Increasing
06-24-16,92.910004,94.660004,92.650002,93.400002,75311400,92.02327,94.19504400,97.60733300,101.0196230,Increasing
06-27-16,93,93.050003,91.5,92.040001,45489600,90.683316,93.25130600,97.21600000,101.1806950,Decreasing
06-28-16,92.900002,93.660004,92.139999,93.589996,40444900,92.210464,92.71654200,96.8878330,101.0591250,Increasing
06-29-16,93.970001,94.550003,93.629997,94.400002,36531000,93.00853,92.42450500,96.65866700,100.8928290,Increasing
06-30-16,94.440002,95.769997,94.300003,95.599998,35836400,94.190838,92.28573000,96.55000000,100.8142710,Increasing
07-01-16,95.489998,96.470001,95.330002,95.889999,26026500,94.476565,92.22280100,96.45083400,100.678866,Increasing
07-05-16,95.389999,95.400002,94.459999,94.989998,27705200,93.589829,92.17540500,96.2305000,100.2855960,Decreasing
07-06-16,94.599998,95.660004,94.370003,95.529999,30949100,94.12187,92.20116000,96.02550000,99.84984100,Increasing
07-07-16,95.699997,96.5,95.620003,95.940002,25139600,94.525831,92.31098200,95.87350100,99.43601900,Increasing
07-08-16,96.489998,96.889999,96.050003,96.68,28912100,95.254921,92.52903800,95.73216700,98.93529700,Increasing
07-11-16,96.75,97.650002,96.730003,96.980003,23794900,95.550502,92.70719100,95.64383400,98.58047700,Increasing
07-12-16,97.169998,97.699997,97.120003,97.419998,24167500,95.984011,92.74576300,95.62183400,98.49790500,Increasing
07-13-16,97.410004,97.669998,96.839996,96.870003,25892200,95.442123,92.77707700,95.60000100,98.42292400,Decreasing
07-14-16,97.389999,98.989998,97.32,98.790001,38919000,97.33382,92.68390700,95.64200100,98.60009400,Increasing
07-15-16,98.919998,99.300003,98.5,98.779999,30137000,97.323965,92.51132000,95.7288340,98.94634800,Decreasing
07-18-16,98.699997,100.129997,98.599998,99.830002,36493900,98.358491,92.29945800,95.91683400,99.5342100,Increasing
07-19-16,99.559998,100,99.339996,99.870003,23779900,98.397902,92.14975600,96.12533400,100.100912,Increasing
07-20-16,100,100.459999,99.739998,99.959999,26276000,98.486572,92.02698100,96.345667,100.6643530,Decreasing
07-21-16,99.830002,101,99.129997,99.43,32702000,97.964385,91.96763300,96.54183400,101.1160340,Decreasing
07-22-16,99.260002,99.300003,98.309998,98.660004,28313700,97.205739,92.02368800,96.68566700,101.3476460,Decreasing
07-25-16,98.25,98.839996,96.919998,97.339996,40382900,95.905188,92.43932700,96.89216700,101.3450060,Decreasing
07-26-16,96.82,97.970001,96.419998,96.669998,56239800,95.245066,93.23604400,97.1333330,101.0306220,Decreasing
07-27-16,104.269997,104.349998,102.75,102.949997,92344800,101.432497,93.32363600,97.64433300,101.9650310,Decreasing
07-28-16,102.830002,104.449997,102.82,104.339996,39869800,102.802007,93.3217180,98.12816600,102.934615,Increasing
07-29-16,104.190002,104.550003,103.68,104.209999,27733700,102.673926,93.29583400,98.57433300,103.8528320,Increasing
08-01-16,104.410004,106.150002,104.410004,106.050003,38167900,104.486808,93.12387200,99.05633300,104.9887950,Increasing
08-02-16,106.050003,106.07,104,104.480003,33816600,102.93995,93.42312600,99.55133300,105.6795400,Decreasing
08-03-16,104.809998,105.839996,104.769997,105.790001,30202600,104.230638,93.76562600,100.0653330,106.36504,Increasing
08-04-16,105.580002,106,105.279999,105.870003,27408700,104.874527,94.08018700,100.5501660,107.0201450,Increasing
08-05-16,106.269997,107.650002,106.18,107.480003,40553400,106.469389,94.28736100,101.0783330,107.8693050,Increasing
08-08-16,107.519997,108.370003,107.160004,108.370003,28037200,107.35102,94.45847700,101.6206660,108.7828560,Increasing
08-09-16,108.230003,108.940002,108.010002,108.809998,26315200,107.786878,94.68178500,102.1793330,109.6768820,Increasing
08-10-16,108.709999,108.900002,107.760002,108,24008500,106.984496,95.17260800,102.734,110.2953930,Decreasing
08-11-16,108.519997,108.93,107.849998,107.93,27484500,106.915155,95.58278700,103.2275,110.8722130,Decreasing
08-12-16,107.779999,108.440002,107.779999,108.18,18660400,107.162804,96.03740200,103.6911670,111.3449320,Increasing
08-15-16,108.139999,109.540001,108.080002,109.480003,25868200,108.450584,96.42712400,104.1668330,111.9065430,Increasing
08-16-16,109.629997,110.230003,109.209999,109.379997,33794400,108.351518,96.85507800,104.6603330,112.4655890,Decreasing
08-17-16,109.099998,109.370003,108.339996,109.220001,25356000,108.193026,97.38594200,105.1065000,112.8270580,Increasing
08-18-16,109.230003,109.599998,109.019997,109.080002,21984700,108.054343,98.05126200,105.5755000,113.0997390,Decreasing
08-19-16,108.769997,109.690002,108.360001,109.360001,25368100,108.331709,99.11067500,106.0945000,113.0783250,Increasing
08-22-16,108.860001,109.099998,107.849998,108.510002,25820200,107.489703,100.746454,106.6338340,112.5212130,Decreasing
08-23-16,108.589996,109.32,108.529999,108.849998,21257700,107.826502,103.2539400,107.2278340,111.2017280,Increasing
08-24-16,108.57,108.75,107.68,108.029999,23675100,107.014213,103.9008020,107.4680000,111.0351980,Decreasing
08-25-16,107.389999,107.879997,106.68,107.57,25086200,106.558539,104.4787680,107.6433340,110.8079000,Increasing
08-26-16,107.410004,107.949997,106.309998,106.940002,27766300,105.934466,105.0415370,107.7893340,110.5371310,Decreasing
08-29-16,106.620003,107.440002,106.290001,106.82,24970300,105.815591,105.2675870,107.8550000,110.4424140,Increasing
08-30-16,105.800003,106.5,105.5,106,24863900,105.003302,105.5537540,107.9125000,110.2712470,Increasing
08-31-16,105.660004,106.57,105.639999,106.099998,29662400,105.10236,105.7042830,107.9443340,110.1843840,Increasing
09-01-16,106.139999,106.800003,105.620003,106.730003,26701500,105.726441,105.8544090,107.9776670,110.1009250,Increasing
09-02-16,107.699997,108,106.82,107.730003,26802500,106.717038,105.9016390,107.9983340,110.0950290,Increasing
09-06-16,107.900002,108.300003,107.510002,107.699997,26880400,106.687314,105.8939800,107.9918340,110.0896870,Decreasing
09-07-16,107.830002,108.760002,107.07,108.360001,42364300,107.341112,105.8851610,107.9656670,110.0461730,Increasing
09-08-16,107.25,107.269997,105.239998,105.519997,53002000,104.527812,105.6120310,107.8551670,110.0983020,Decreasing
09-09-16,104.639999,105.720001,103.129997,103.129997,46557000,102.160285,104.8492130,107.643,110.4367860,Decreasing
09-12-16,102.650002,105.720001,102.529999,105.440002,45292800,104.44857,104.3779850,107.4645,110.5510150,Increasing
09-13-16,107.510002,108.790001,107.239998,107.949997,62176200,106.934963,104.3992880,107.4125000,110.4257120,Increasing
09-14-16,108.730003,113.029999,108.599998,111.769997,110888700,110.719044,104.1930510,107.4888330,110.7846160,Increasing
09-15-16,113.860001,115.730003,113.489998,115.57,89983600,114.483317,103.1887590,107.7865000,112.384241,Increasing
09-16-16,115.120003,116.129997,114.040001,114.919998,79886900,113.839427,102.5195170,108.0763330,113.6331490,Decreasing
09-19-16,115.190002,116.18,113.25,113.580002,47023000,112.51203,102.1539960,108.3363330,114.5186700,Decreasing
09-20-16,113.050003,114.120003,112.510002,113.57,34514300,112.502122,102.016673,108.5820000,115.1473270,Increasing
09-21-16,113.849998,113.989998,112.440002,113.550003,36003200,112.482314,101.9193150,108.8033330,115.6873520,Decreasing
09-22-16,114.349998,114.940002,114,114.620003,31074000,113.542252,101.8116790,109.1216670,116.4316550,Increasing
09-23-16,114.419998,114.790001,111.550003,112.709999,52481200,111.650208,101.9509470,109.4036670,116.8563860,Decreasing
09-26-16,111.639999,113.389999,111.550003,112.879997,29869400,111.818608,102.1842920,109.6806670,117.1770420,Increasing
09-27-16,113,113.18,112.339996,113.089996,24607400,112.026632,102.4806620,109.9816670,117.4826710,Increasing
09-28-16,113.690002,114.639999,113.43,113.949997,29641100,112.878547,102.9191990,110.3820000,117.8448010,Increasing
09-29-16,113.160004,113.800003,111.800003,112.18,35887000,111.125193,103.454687,110.7065000,117.9583130,Decreasing
09-30-16,112.459999,113.370003,111.800003,113.050003,36379100,111.987015,104.0048040,111.0243330,118.0438630,Increasing
10-03-16,112.709999,113.050003,112.279999,112.519997,21701800,111.461992,104.4193000,111.2793330,118.1393670,Decreasing
10-04-16,113.059998,114.309998,112.629997,113,29736800,111.937482,104.8287960,111.5531670,118.2775370,Decreasing
10-05-16,113.400002,113.660004,112.690002,113.050003,21453100,111.987015,105.2474200,111.8066670,118.365913,Decreasing
10-06-16,113.699997,114.339996,113.129997,113.889999,28779300,112.819113,106.1554050,112.1955,118.2355950,Increasing
10-07-16,114.309998,114.559998,113.510002,114.059998,24358400,112.987513,107.9334950,112.698,117.4625050,Decreasing
10-10-16,115.019997,116.75,114.720001,116.050003,36236000,114.958807,110.0729850,113.2618330,116.4506820,Increasing
10-11-16,117.699997,118.690002,116.199997,116.300003,64041000,115.206456,111.1298040,113.7153330,116.3008630,Decreasing
10-12-16,117.349998,117.980003,116.75,117.339996,37586800,116.23667,111.2667580,114.0265000,116.7862430,Decreasing
10-13-16,116.790001,117.440002,115.720001,116.980003,35192400,115.880062,111.1382640,114.115667,117.0930700,Increasing
10-14-16,117.879997,118.169998,117.129997,117.629997,35652200,116.523945,110.9119200,114.2463340,117.5807480,Decreasing
10-17-16,117.330002,117.839996,116.779999,117.550003,23624900,116.444703,110.7934510,114.3990000,118.0045490,Increasing
10-18-16,118.18,118.209999,117.449997,117.470001,24553500,116.365453,110.7664920,114.6145000,118.462508,Decreasing
10-19-16,117.25,117.760002,113.800003,117.120003,20034600,116.018745,110.8980000,114.7595000,118.6210000,Decreasing
10-20-16,116.860001,117.379997,116.330002,117.059998,24125800,115.959304,110.9074650,114.8796670,118.8518680,Increasing
10-21-16,116.809998,116.910004,116.279999,116.599998,23192700,115.503631,111.1158650,115.0586670,119.0014680,Decreasing
10-24-16,117.099998,117.739998,117,117.650002,23538700,116.543761,111.3946040,115.3015,119.2083960,Increasing
10-25-16,117.949997,118.360001,117.309998,118.25,48129000,117.138118,111.6517090,115.5566670,119.4616240,Increasing
10-26-16,114.309998,115.699997,113.309998,115.589996,66134200,114.503125,111.7453170,115.5996670,119.4540170,Increasing
10-27-16,115.389999,115.860001,114.099998,114.480003,34562000,113.403569,112.0881270,115.7106670,119.3332060,Decreasing
10-28-16,113.870003,115.209999,113.449997,113.720001,37861700,112.650713,112.3390110,115.7800000,119.2209890,Decreasing
10-31-16,113.650002,114.230003,113.199997,113.540001,26419400,112.472406,112.5563380,115.8320000,119.1076620,Decreasing
11-01-16,113.459999,113.769997,110.529999,111.489998,43825800,110.441678,112.2291080,115.7628330,119.296558,Decreasing
11-02-16,111.400002,112.349998,111.230003,111.589996,28331700,110.540737,111.9044590,115.6923330,119.4802070,Increasing
11-03-16,110.980003,111.459999,109.550003,109.830002,26932600,109.35588,111.1172980,115.5170000,119.9167020,Decreasing
11-04-16,108.529999,110.25,108.110001,108.839996,30837000,108.370149,110.0723290,115.2681660,120.4640040,Increasing
11-07-16,110.080002,110.510002,109.459999,110.410004,32560000,109.933378,109.3352080,114.9825000,120.6297920,Increasing
11-08-16,110.309998,111.720001,109.699997,111.059998,24054500,110.580566,108.8319020,114.6706660,120.5094300,Increasing
11-09-16,109.879997,111.32,108.050003,110.879997,59176400,110.401343,108.2797320,114.3070000,120.3342680,Increasing
11-10-16,111.089996,111.089996,105.830002,107.790001,57134500,107.324686,107.4162410,113.8831660,120.3500910,Decreasing
11-11-16,107.120003,108.870003,106.550003,108.43,34143900,107.961922,106.6832760,113.3985000,120.1137240,Increasing
11-14-16,107.709999,107.809998,104.080002,105.709999,51175500,105.253663,105.6163880,112.8223330,120.0282790,Decreasing
11-15-16,106.57,107.68,106.160004,107.110001,32264500,106.647621,105.0185410,112.286,119.553459,Increasing
11-16-16,106.699997,110.230003,106.599998,109.989998,58840500,109.515186,104.7510060,111.9216670,119.0923270,Increasing
11-17-16,109.809998,110.349998,108.830002,109.949997,27632000,109.475358,104.7146130,111.5610000,118.4073870,Increasing
11-18-16,109.720001,110.540001,109.660004,110.059998,28428900,109.584883,104.7692520,111.2355000,117.7017470,Increasing
11-21-16,110.120003,111.989998,110.010002,111.730003,29264600,111.24768,105.1220610,110.9245000,116.7269390,Increasing
11-22-16,111.949997,112.419998,111.400002,111.800003,25965500,111.317377,105.7677940,110.6195,115.4712060,Decreasing
11-23-16,111.360001,111.510002,110.330002,111.230003,27426400,110.749838,105.9757860,110.4273340,114.8788810,Decreasing
11-25-16,111.129997,111.870003,110.949997,111.790001,11475900,111.307418,106.2500680,110.2635000,114.2769320,Increasing
11-28-16,111.43,112.470001,111.389999,111.57,27194000,111.088367,106.4669760,110.1476670,113.8283580,Increasing
11-29-16,110.779999,112.029999,110.07,111.459999,28528800,110.978841,106.6715910,110.0241670,113.3767430,Increasing
11-30-16,111.599998,112.199997,110.269997,110.519997,36162300,110.042897,106.7073680,109.9775000,113.2476330,Decreasing
12-01-16,110.370003,110.940002,109.029999,109.489998,37086900,109.017344,106.7117000,109.8823340,113.0529670,Decreasing
12-02-16,109.169998,110.089996,108.849998,109.900002,26528000,109.425578,106.681775,109.8490000,113.0162250,Increasing
12-05-16,110,110.029999,108.25,109.110001,34324500,108.638987,106.6879520,109.8521670,113.0163820,Decreasing
12-06-16,109.5,110.360001,109.190002,109.949997,26195500,109.475358,106.675792,109.8375,112.9992080,Increasing
12-07-16,109.260002,111.190002,109.160004,111.029999,29998700,110.550697,106.6764190,109.8191670,112.9619150,Increasing
12-08-16,110.860001,112.43,110.599998,112.120003,27068300,111.635996,106.6517830,109.9008340,113.1498840,Increasing
12-09-16,112.309998,114.699997,112.309998,113.949997,34402600,113.45809,106.6325590,110.1716670,113.7107750,Increasing
12-12-16,113.290001,115,112.489998,113.300003,26374400,112.810902,106.7708760,110.454,114.1371240,Increasing
12-13-16,113.839996,115.919998,113.75,115.190002,43733800,114.692743,107.3615310,110.9083330,114.4551350,Increasing
12-14-16,115.040001,116.199997,114.980003,115.190002,34031800,114.692743,107.7378140,111.332,114.9261860,Increasing
12-15-16,115.379997,116.730003,115.230003,115.82,46524500,115.32002,107.7433260,111.6813330,115.6193410,Increasing
12-16-16,116.470001,116.5,115.650002,115.970001,44351100,115.469374,107.7399490,111.9978330,116.2557180,Decreasing
12-19-16,115.800003,117.379997,115.75,116.639999,27779400,116.13648,107.7193350,112.3230000,116.926665,Increasing
12-20-16,116.739998,117.5,116.68,116.949997,21425000,116.445139,107.6049560,112.613,117.6210440,Increasing
12-21-16,116.800003,117.400002,116.779999,117.059998,23783200,116.554665,107.5169530,112.8733330,118.2297130,Increasing
12-22-16,116.349998,116.510002,115.639999,116.290001,26085900,115.787993,107.6626210,113.1295000,118.5963790,Decreasing
12-23-16,115.589996,116.519997,115.589996,116.519997,14249500,116.016995,107.790121,113.3631660,118.9362120,Increasing
12-27-16,116.519997,117.800003,116.489998,117.260002,18296900,116.753806,107.8693360,113.631833,119.3943310,Increasing
12-28-16,117.519997,118.019997,116.199997,116.760002,20905900,116.255965,108.0969310,113.9221660,119.747402,Decreasing
12-29-16,116.449997,117.110001,116.400002,116.730003,15039500,116.226096,108.4229060,114.2096670,119.9964270,Increasing
12-30-16,116.650002,117.199997,115.43,115.82,30586300,115.32002,109.050306,114.5261670,120.0020270,Decreasing
01-03-17,115.800003,116.330002,114.760002,116.150002,28781900,115.648597,109.824879,114.8328330,119.8407880,Increasing
01-04-17,115.849998,116.510002,115.75,116.019997,21118100,115.519154,110.8905410,115.181,119.4714590,Increasing
01-05-17,115.919998,116.860001,115.809998,116.610001,22193600,116.106611,111.9660730,115.5106670,119.0552610,Increasing
01-06-17,116.779999,118.160004,116.470001,117.910004,31751900,117.401002,113.0764090,115.8633330,118.6502570,Increasing
01-09-17,117.949997,119.43,117.940002,118.989998,33387600,118.476334,113.863686,116.2168330,118.5699810,Increasing
01-10-17,118.769997,119.379997,118.300003,119.110001,24462100,118.595819,114.1532610,116.4806670,118.8080720,Increasing
01-11-17,118.739998,119.93,118.599998,119.75,27588600,119.233055,114.5029780,116.7721670,119.0413560,Increasing
01-12-17,118.900002,119.300003,118.209999,119.25,27086200,118.735214,114.6785840,116.9705000,119.2624170,Increasing
01-13-17,119.110001,119.620003,118.809998,119.040001,26111900,118.526121,114.7862160,117.1555000,119.5247840,Decreasing
01-17-17,118.339996,120.239998,118.220001,120,34439800,119.481976,114.829177,117.3335000,119.8378230,Increasing
01-18-17,120,120.5,119.709999,119.989998,23713000,119.472017,114.8387430,117.5348330,120.2309240,Decreasing
01-19-17,119.400002,120.089996,119.370003,119.779999,25597300,119.262925,114.8696970,117.6926670,120.5156360,Increasing
01-20-17,120.449997,120.449997,119.730003,120,32597900,119.481976,114.8577540,117.8435000,120.8292460,Decreasing
01-23-17,120,120.809998,119.769997,120.080002,22050200,119.561633,114.8653690,118.0005,121.1356310,Increasing
01-24-17,119.550003,120.099998,119.5,119.970001,23211000,119.452107,115.0726200,118.186,121.2993800,Increasing
01-25-17,120.419998,122.099998,120.279999,121.879997,32377600,121.353858,115.1704460,118.4465000,121.7225540,Increasing
01-26-17,121.669998,122.440002,121.599998,121.940002,26337600,121.413604,115.1235670,118.687,122.2504330,Increasing
01-27-17,122.139999,122.349998,121.599998,121.949997,20562900,121.423555,115.1902360,118.9356670,122.6810980,Decreasing
01-30-17,120.93,121.629997,120.660004,121.629997,30377500,121.104937,115.42384,119.1636670,122.903493,Increasing
01-31-17,121.150002,121.389999,120.620003,121.349998,49201000,120.826147,115.8501020,119.4121670,122.974231,Increasing
02-01-17,127.029999,130.490005,127.010002,128.75,111985000,128.194203,114.9879570,120.0623330,125.1367100,Increasing
02-02-17,127.980003,129.389999,127.779999,128.529999,33710400,127.975152,114.7271750,120.6860000,126.6448250,Increasing
02-03-17,128.309998,129.190002,128.160004,129.080002,24507300,128.522781,114.7062560,121.3051670,127.9040780,Increasing
02-06-17,129.130005,130.5,128.899994,130.289993,26845900,129.727549,114.5827170,121.924333,129.2659490,Increasing
02-07-17,130.539993,132.089996,130.449997,131.529999,38183800,130.962201,114.2978910,122.5528330,130.8077740,Increasing
02-08-17,131.350006,132.220001,131.220001,132.039993,23004100,131.469994,114.1945210,123.1976660,132.2008120,Increasing
02-09-17,131.649994,132.449997,131.119995,132.419998,28349900,132.419998,114.2284080,123.826166,133.4239240,Increasing
02-10-17,132.460007,132.940002,132.050003,132.119995,20065500,132.119995,114.4940040,124.4986660,134.5033280,Decreasing
02-13-17,133.080002,133.820007,132.75,133.289993,23035400,133.289993,114.8207980,125.2051660,135.5895340,Increasing
02-14-17,133.470001,135.089996,133.25,135.020004,32815500,135.020004,115.1757180,125.9534990,136.7312800,Increasing
02-15-17,135.520004,136.270004,134.619995,135.509995,35501600,135.509995,115.5450350,126.7234990,137.9019630,Decreasing
02-16-17,135.669998,135.899994,134.839996,135.350006,22118000,135.350006,116.2032990,127.5043330,138.8053660,Decreasing
